{"elements":[{"from":[6.285714,8.0,6.857143],"to":[9.714286,12.571428,9.142858],"rotation":{"angle":0.0,"axis":"y","origin":[8.0,4.5714283,8.0]},"faces":{"east":{"uv":[0.0,7.75,1.0,9.75],"rotation":0,"texture":"#0","tintindex":0},"south":{"uv":[3.5,7.75,5.0,9.75],"rotation":0,"texture":"#0","tintindex":0},"north":{"uv":[1.0,7.75,2.5,9.75],"rotation":0,"texture":"#0","tintindex":0},"west":{"uv":[2.5,7.75,3.5,9.75],"rotation":0,"texture":"#0","tintindex":0},"up":{"uv":[2.5,7.75,1.0,6.75],"rotation":0,"texture":"#0","tintindex":0},"down":{"uv":[4.0,6.75,2.5,7.75],"rotation":0,"texture":"#0","tintindex":0}}}],"textures":{"0":"modelengine:entity/spruce_creeper"},"display":{"head":{"translation":[0.0,-6.4,0.0],"scale":[4.0,4.0,4.0]}}}