{"elements":[{"from":[5.714286,8.0,5.714286],"to":[10.285714,12.0,10.285714],"rotation":{"angle":0.0,"axis":"y","origin":[8.0,-2.285715,8.0]},"faces":{"east":{"uv":[0.0,2.0,2.0,3.75],"rotation":0,"texture":"#0","tintindex":0},"south":{"uv":[6.0,2.0,8.0,3.75],"rotation":0,"texture":"#0","tintindex":0},"north":{"uv":[2.0,2.0,4.0,3.75],"rotation":0,"texture":"#0","tintindex":0},"west":{"uv":[4.0,2.0,6.0,3.75],"rotation":0,"texture":"#0","tintindex":0},"up":{"uv":[4.0,2.0,2.0,0.0],"rotation":0,"texture":"#0","tintindex":0},"down":{"uv":[6.0,0.0,4.0,2.0],"rotation":0,"texture":"#0","tintindex":0}}},{"from":[5.714286,12.0,10.285714],"to":[10.285714,14.285715,10.285714],"rotation":{"angle":0.0,"axis":"y","origin":[8.0,-2.285715,8.0]},"faces":{"east":{"uv":[0.0,5.75,2.0,6.75],"rotation":0,"texture":"#0","tintindex":0},"south":{"uv":[6.0,5.75,8.0,6.75],"rotation":0,"texture":"#0","tintindex":0},"north":{"uv":[8.0,5.75,6.0,6.75],"rotation":0,"texture":"#0","tintindex":0},"west":{"uv":[4.0,5.75,6.0,6.75],"rotation":0,"texture":"#0","tintindex":0},"up":{"uv":[4.0,5.75,2.0,3.75],"rotation":0,"texture":"#0","tintindex":0},"down":{"uv":[6.0,3.75,4.0,5.75],"rotation":0,"texture":"#0","tintindex":0}}},{"from":[5.714286,12.0,5.714286],"to":[5.714286,14.285715,10.285714],"rotation":{"angle":0.0,"axis":"y","origin":[8.0,-2.285715,8.0]},"faces":{"east":{"uv":[6.0,5.75,4.0,6.75],"rotation":0,"texture":"#0","tintindex":0},"south":{"uv":[6.0,5.75,8.0,6.75],"rotation":0,"texture":"#0","tintindex":0},"north":{"uv":[2.0,5.75,4.0,6.75],"rotation":0,"texture":"#0","tintindex":0},"west":{"uv":[4.0,5.75,6.0,6.75],"rotation":0,"texture":"#0","tintindex":0},"up":{"uv":[4.0,5.75,2.0,3.75],"rotation":0,"texture":"#0","tintindex":0},"down":{"uv":[6.0,3.75,4.0,5.75],"rotation":0,"texture":"#0","tintindex":0}}},{"from":[10.285714,12.0,5.714286],"to":[10.285714,14.285715,10.285714],"rotation":{"angle":0.0,"axis":"y","origin":[8.0,-2.285715,8.0]},"faces":{"east":{"uv":[0.0,5.75,2.0,6.75],"rotation":0,"texture":"#0","tintindex":0},"south":{"uv":[8.0,5.75,6.0,6.75],"rotation":0,"texture":"#0","tintindex":0},"north":{"uv":[4.0,5.75,2.0,6.75],"rotation":0,"texture":"#0","tintindex":0},"west":{"uv":[2.0,5.75,0.0,6.75],"rotation":0,"texture":"#0","tintindex":0},"up":{"uv":[2.0,5.75,4.0,3.75],"rotation":0,"texture":"#0","tintindex":0},"down":{"uv":[4.0,3.75,6.0,5.75],"rotation":0,"texture":"#0","tintindex":0}}},{"from":[5.142857,12.0,5.714286],"to":[10.857143,14.285715,5.714286],"rotation":{"angle":0.0,"axis":"y","origin":[8.0,-2.285715,8.0]},"faces":{"east":{"uv":[9.0,7.75,9.0,8.75],"rotation":0,"texture":"#0","tintindex":0},"south":{"uv":[11.5,7.75,9.0,8.75],"rotation":0,"texture":"#0","tintindex":0},"north":{"uv":[9.0,7.75,11.5,8.75],"rotation":0,"texture":"#0","tintindex":0},"west":{"uv":[11.5,7.75,11.5,8.75],"rotation":0,"texture":"#0","tintindex":0},"up":{"uv":[11.5,7.75,9.0,7.75],"rotation":0,"texture":"#0","tintindex":0},"down":{"uv":[14.0,7.75,11.5,7.75],"rotation":0,"texture":"#0","tintindex":0}}}],"textures":{"0":"modelengine:entity/spruce_creeper"},"display":{"head":{"translation":[0.0,-6.4,0.0],"scale":[4.0,4.0,4.0]}}}