{"elements":[{"from":[6.857143,4.5714283,8.0],"to":[9.142858,8.0,10.285714],"rotation":{"angle":0.0,"axis":"y","origin":[6.857143,4.5714283,6.857143]},"faces":{"east":{"uv":[8.0,6.25,9.0,7.75],"rotation":0,"texture":"#0","tintindex":0},"south":{"uv":[11.0,6.25,12.0,7.75],"rotation":0,"texture":"#0","tintindex":0},"north":{"uv":[9.0,6.25,10.0,7.75],"rotation":0,"texture":"#0","tintindex":0},"west":{"uv":[10.0,6.25,11.0,7.75],"rotation":0,"texture":"#0","tintindex":0},"up":{"uv":[10.0,6.25,9.0,5.25],"rotation":0,"texture":"#0","tintindex":0},"down":{"uv":[11.0,5.25,10.0,6.25],"rotation":0,"texture":"#0","tintindex":0}}}],"textures":{"0":"modelengine:entity/spruce_creeper"},"display":{"head":{"translation":[0.0,-6.4,0.0],"scale":[4.0,4.0,4.0]}}}