{"elements":[{"from":[5.714286,3.4285712,6.857143],"to":[10.285714,9.142858,11.428572],"rotation":{"angle":0.0,"axis":"y","origin":[6.857143,4.5714283,6.857143]},"faces":{"east":{"uv":[8.0,6.25,9.0,7.75],"rotation":0,"texture":"#2","tintindex":0},"south":{"uv":[11.0,6.25,12.0,7.75],"rotation":0,"texture":"#2","tintindex":0},"north":{"uv":[9.0,6.25,10.0,7.75],"rotation":0,"texture":"#2","tintindex":0},"west":{"uv":[10.0,6.25,11.0,7.75],"rotation":0,"texture":"#2","tintindex":0},"up":{"uv":[10.0,6.25,9.0,5.25],"rotation":0,"texture":"#2","tintindex":0},"down":{"uv":[11.0,5.25,10.0,6.25],"rotation":0,"texture":"#2","tintindex":0}}},{"from":[10.285714,9.142858,11.428572],"to":[5.714286,3.4285712,6.857143],"rotation":{"angle":0.0,"axis":"y","origin":[6.857143,4.5714283,6.857143]},"faces":{"east":{"uv":[10.0,7.75,11.0,6.25],"rotation":0,"texture":"#2","tintindex":0},"south":{"uv":[9.0,7.75,10.0,6.25],"rotation":0,"texture":"#2","tintindex":0},"north":{"uv":[11.0,7.75,12.0,6.25],"rotation":0,"texture":"#2","tintindex":0},"west":{"uv":[8.0,7.75,9.0,6.25],"rotation":0,"texture":"#2","tintindex":0},"up":{"uv":[10.0,5.25,11.0,6.25],"rotation":0,"texture":"#2","tintindex":0},"down":{"uv":[9.0,6.25,10.0,5.25],"rotation":0,"texture":"#2","tintindex":0}}}],"textures":{"2":"modelengine:entity/creeper_armor_2"},"display":{"head":{"translation":[0.0,-6.4,0.0],"scale":[4.0,4.0,4.0]}}}