{"elements":[{"from":[6.857143,4.5714283,8.0],"to":[9.142858,8.0,10.285714],"rotation":{"angle":0.0,"axis":"y","origin":[9.142858,4.5714283,5.714286]},"faces":{"east":{"uv":[8.0,1.0,9.0,2.5],"rotation":0,"texture":"#0","tintindex":0},"south":{"uv":[11.0,1.0,12.0,2.5],"rotation":0,"texture":"#0","tintindex":0},"north":{"uv":[9.0,1.0,10.0,2.5],"rotation":0,"texture":"#0","tintindex":0},"west":{"uv":[10.0,1.0,11.0,2.5],"rotation":0,"texture":"#0","tintindex":0},"up":{"uv":[10.0,1.0,9.0,0.0],"rotation":0,"texture":"#0","tintindex":0},"down":{"uv":[11.0,0.0,10.0,1.0],"rotation":0,"texture":"#0","tintindex":0}}}],"textures":{"0":"modelengine:entity/spruce_creeper"},"display":{"head":{"translation":[0.0,-6.4,0.0],"scale":[4.0,4.0,4.0]}}}