{"elements":[{"from":[6.857143,4.5714283,5.714286],"to":[9.142858,8.0,8.0],"rotation":{"angle":0.0,"axis":"y","origin":[6.857143,4.5714283,9.714286]},"faces":{"east":{"uv":[7.0,3.75,8.0,5.25],"rotation":0,"texture":"#0","tintindex":0},"south":{"uv":[10.0,3.75,11.0,5.25],"rotation":0,"texture":"#0","tintindex":0},"north":{"uv":[8.0,3.75,9.0,5.25],"rotation":0,"texture":"#0","tintindex":0},"west":{"uv":[9.0,3.75,10.0,5.25],"rotation":0,"texture":"#0","tintindex":0},"up":{"uv":[9.0,3.75,8.0,2.75],"rotation":0,"texture":"#0","tintindex":0},"down":{"uv":[10.0,2.75,9.0,3.75],"rotation":0,"texture":"#0","tintindex":0}}}],"textures":{"0":"modelengine:entity/spruce_creeper"},"display":{"head":{"translation":[0.0,-6.4,0.0],"scale":[4.0,4.0,4.0]}}}