{"elements":[{"from":[5.714286,3.4285712,4.5714283],"to":[10.285714,9.142858,9.142858],"rotation":{"angle":0.0,"axis":"y","origin":[6.857143,4.5714283,9.714286]},"faces":{"east":{"uv":[7.0,3.75,8.0,5.25],"rotation":0,"texture":"#2","tintindex":0},"south":{"uv":[10.0,3.75,11.0,5.25],"rotation":0,"texture":"#2","tintindex":0},"north":{"uv":[8.0,3.75,9.0,5.25],"rotation":0,"texture":"#2","tintindex":0},"west":{"uv":[9.0,3.75,10.0,5.25],"rotation":0,"texture":"#2","tintindex":0},"up":{"uv":[9.0,3.75,8.0,2.75],"rotation":0,"texture":"#2","tintindex":0},"down":{"uv":[10.0,2.75,9.0,3.75],"rotation":0,"texture":"#2","tintindex":0}}},{"from":[10.285714,9.142858,9.142858],"to":[5.714286,3.4285712,4.5714283],"rotation":{"angle":0.0,"axis":"y","origin":[6.857143,4.5714283,9.714286]},"faces":{"east":{"uv":[9.0,5.25,10.0,3.75],"rotation":0,"texture":"#2","tintindex":0},"south":{"uv":[8.0,5.25,9.0,3.75],"rotation":0,"texture":"#2","tintindex":0},"north":{"uv":[10.0,5.25,11.0,3.75],"rotation":0,"texture":"#2","tintindex":0},"west":{"uv":[7.0,5.25,8.0,3.75],"rotation":0,"texture":"#2","tintindex":0},"up":{"uv":[9.0,2.75,10.0,3.75],"rotation":0,"texture":"#2","tintindex":0},"down":{"uv":[8.0,3.75,9.0,2.75],"rotation":0,"texture":"#2","tintindex":0}}}],"textures":{"2":"modelengine:entity/creeper_armor_2"},"display":{"head":{"translation":[0.0,-6.4,0.0],"scale":[4.0,4.0,4.0]}}}