{"elements":[{"from":[5.714286,3.4285712,4.5714283],"to":[10.285714,9.142858,9.142858],"rotation":{"angle":0.0,"axis":"y","origin":[9.142858,4.5714283,9.714286]},"faces":{"east":{"uv":[5.0,7.75,6.0,9.25],"rotation":0,"texture":"#2","tintindex":0},"south":{"uv":[8.0,7.75,9.0,9.25],"rotation":0,"texture":"#2","tintindex":0},"north":{"uv":[6.0,7.75,7.0,9.25],"rotation":0,"texture":"#2","tintindex":0},"west":{"uv":[7.0,7.75,8.0,9.25],"rotation":0,"texture":"#2","tintindex":0},"up":{"uv":[7.0,7.75,6.0,6.75],"rotation":0,"texture":"#2","tintindex":0},"down":{"uv":[8.0,6.75,7.0,7.75],"rotation":0,"texture":"#2","tintindex":0}}},{"from":[10.285714,9.142858,9.142858],"to":[5.714286,3.4285712,4.5714283],"rotation":{"angle":0.0,"axis":"y","origin":[9.142858,4.5714283,9.714286]},"faces":{"east":{"uv":[7.0,9.25,8.0,7.75],"rotation":0,"texture":"#2","tintindex":0},"south":{"uv":[6.0,9.25,7.0,7.75],"rotation":0,"texture":"#2","tintindex":0},"north":{"uv":[8.0,9.25,9.0,7.75],"rotation":0,"texture":"#2","tintindex":0},"west":{"uv":[5.0,9.25,6.0,7.75],"rotation":0,"texture":"#2","tintindex":0},"up":{"uv":[7.0,6.75,8.0,7.75],"rotation":0,"texture":"#2","tintindex":0},"down":{"uv":[6.0,7.75,7.0,6.75],"rotation":0,"texture":"#2","tintindex":0}}}],"textures":{"2":"modelengine:entity/creeper_armor_2"},"display":{"head":{"translation":[0.0,-6.4,0.0],"scale":[4.0,4.0,4.0]}}}