{"elements":[{"from":[6.857143,4.5714283,5.714286],"to":[9.142858,8.0,8.0],"rotation":{"angle":0.0,"axis":"y","origin":[9.142858,4.5714283,9.714286]},"faces":{"east":{"uv":[5.0,7.75,6.0,9.25],"rotation":0,"texture":"#0","tintindex":0},"south":{"uv":[8.0,7.75,9.0,9.25],"rotation":0,"texture":"#0","tintindex":0},"north":{"uv":[6.0,7.75,7.0,9.25],"rotation":0,"texture":"#0","tintindex":0},"west":{"uv":[7.0,7.75,8.0,9.25],"rotation":0,"texture":"#0","tintindex":0},"up":{"uv":[7.0,7.75,6.0,6.75],"rotation":0,"texture":"#0","tintindex":0},"down":{"uv":[8.0,6.75,7.0,7.75],"rotation":0,"texture":"#0","tintindex":0}}}],"textures":{"0":"modelengine:entity/spruce_creeper"},"display":{"head":{"translation":[0.0,-6.4,0.0],"scale":[4.0,4.0,4.0]}}}