{"elements":[{"from":[4.0,6.857143,5.142857],"to":[12.0,22.285715,10.857143],"rotation":{"angle":0.0,"axis":"y","origin":[8.0,4.5714283,8.0]},"faces":{"east":{"uv":[0.0,1.5,1.5,7.25],"rotation":0,"texture":"#2","tintindex":0},"south":{"uv":[5.5,1.5,8.0,7.25],"rotation":0,"texture":"#2","tintindex":0},"north":{"uv":[1.5,1.5,4.0,7.25],"rotation":0,"texture":"#2","tintindex":0},"west":{"uv":[4.0,1.5,5.5,7.25],"rotation":0,"texture":"#2","tintindex":0},"up":{"uv":[4.0,1.5,1.5,0.0],"rotation":0,"texture":"#2","tintindex":0},"down":{"uv":[6.5,0.0,4.0,1.5],"rotation":0,"texture":"#2","tintindex":0}}},{"from":[12.0,22.285715,10.857143],"to":[4.0,6.857143,5.142857],"rotation":{"angle":0.0,"axis":"y","origin":[8.0,4.5714283,8.0]},"faces":{"east":{"uv":[4.0,7.25,5.5,1.5],"rotation":0,"texture":"#2","tintindex":0},"south":{"uv":[1.5,7.25,4.0,1.5],"rotation":0,"texture":"#2","tintindex":0},"north":{"uv":[5.5,7.25,8.0,1.5],"rotation":0,"texture":"#2","tintindex":0},"west":{"uv":[0.0,7.25,1.5,1.5],"rotation":0,"texture":"#2","tintindex":0},"up":{"uv":[4.0,0.0,6.5,1.5],"rotation":0,"texture":"#2","tintindex":0},"down":{"uv":[1.5,1.5,4.0,0.0],"rotation":0,"texture":"#2","tintindex":0}}}],"textures":{"2":"modelengine:entity/creeper_armor_2"},"display":{"head":{"translation":[0.0,-6.4,0.0],"scale":[4.0,4.0,4.0]}}}