{"elements":[{"from":[5.142857,8.0,6.285714],"to":[10.857143,21.142857,9.714286],"rotation":{"angle":0.0,"axis":"y","origin":[8.0,4.5714283,8.0]},"faces":{"east":{"uv":[0.0,1.5,1.5,7.25],"rotation":0,"texture":"#0","tintindex":0},"south":{"uv":[5.5,1.5,8.0,7.25],"rotation":0,"texture":"#0","tintindex":0},"north":{"uv":[1.5,1.5,4.0,7.25],"rotation":0,"texture":"#0","tintindex":0},"west":{"uv":[4.0,1.5,5.5,7.25],"rotation":0,"texture":"#0","tintindex":0},"up":{"uv":[4.0,1.5,1.5,0.0],"rotation":0,"texture":"#0","tintindex":0},"down":{"uv":[6.5,0.0,4.0,1.5],"rotation":0,"texture":"#0","tintindex":0}}},{"from":[4.5714283,20.0,8.0],"to":[12.0,24.57143,8.0],"rotation":{"angle":0.0,"axis":"y","origin":[8.0,4.5714283,8.0]},"faces":{"east":{"uv":[0.0,7.25,0.0,9.25],"rotation":0,"texture":"#0","tintindex":0},"south":{"uv":[3.25,7.25,0.0,9.25],"rotation":0,"texture":"#0","tintindex":0},"north":{"uv":[0.0,7.25,3.25,9.25],"rotation":0,"texture":"#0","tintindex":0},"west":{"uv":[3.25,7.25,3.25,9.25],"rotation":0,"texture":"#0","tintindex":0},"up":{"uv":[3.25,7.25,0.0,7.25],"rotation":0,"texture":"#0","tintindex":0},"down":{"uv":[6.5,7.25,3.25,7.25],"rotation":0,"texture":"#0","tintindex":0}}}],"textures":{"0":"modelengine:entity/hills_creeper"},"display":{"head":{"translation":[0.0,-6.4,0.0],"scale":[4.0,4.0,4.0]}}}