{"elements":[{"from":[5.714286,3.4285712,6.285714],"to":[10.285714,9.142858,10.857143],"rotation":{"angle":0.0,"axis":"y","origin":[6.857143,4.5714283,6.285714]},"faces":{"east":{"uv":[5.5,9.75,6.5,11.25],"rotation":0,"texture":"#2","tintindex":0},"south":{"uv":[8.5,9.75,9.5,11.25],"rotation":0,"texture":"#2","tintindex":0},"north":{"uv":[6.5,9.75,7.5,11.25],"rotation":0,"texture":"#2","tintindex":0},"west":{"uv":[7.5,9.75,8.5,11.25],"rotation":0,"texture":"#2","tintindex":0},"up":{"uv":[7.5,9.75,6.5,8.75],"rotation":0,"texture":"#2","tintindex":0},"down":{"uv":[8.5,8.75,7.5,9.75],"rotation":0,"texture":"#2","tintindex":0}}},{"from":[10.285714,9.142858,10.857143],"to":[5.714286,3.4285712,6.285714],"rotation":{"angle":0.0,"axis":"y","origin":[6.857143,4.5714283,6.285714]},"faces":{"east":{"uv":[7.5,11.25,8.5,9.75],"rotation":0,"texture":"#2","tintindex":0},"south":{"uv":[6.5,11.25,7.5,9.75],"rotation":0,"texture":"#2","tintindex":0},"north":{"uv":[8.5,11.25,9.5,9.75],"rotation":0,"texture":"#2","tintindex":0},"west":{"uv":[5.5,11.25,6.5,9.75],"rotation":0,"texture":"#2","tintindex":0},"up":{"uv":[7.5,8.75,8.5,9.75],"rotation":0,"texture":"#2","tintindex":0},"down":{"uv":[6.5,9.75,7.5,8.75],"rotation":0,"texture":"#2","tintindex":0}}}],"textures":{"2":"modelengine:entity/creeper_armor_2"},"display":{"head":{"translation":[0.0,-6.4,0.0],"scale":[4.0,4.0,4.0]}}}