{"elements":[{"from":[6.857143,4.5714283,7.428571],"to":[9.142858,8.0,9.714286],"rotation":{"angle":0.0,"axis":"y","origin":[6.857143,4.5714283,6.285714]},"faces":{"east":{"uv":[5.5,9.75,6.5,11.25],"rotation":0,"texture":"#0","tintindex":0},"south":{"uv":[8.5,9.75,9.5,11.25],"rotation":0,"texture":"#0","tintindex":0},"north":{"uv":[6.5,9.75,7.5,11.25],"rotation":0,"texture":"#0","tintindex":0},"west":{"uv":[7.5,9.75,8.5,11.25],"rotation":0,"texture":"#0","tintindex":0},"up":{"uv":[7.5,9.75,6.5,8.75],"rotation":0,"texture":"#0","tintindex":0},"down":{"uv":[8.5,8.75,7.5,9.75],"rotation":0,"texture":"#0","tintindex":0}}}],"textures":{"0":"modelengine:entity/hills_creeper"},"display":{"head":{"translation":[0.0,-6.4,0.0],"scale":[4.0,4.0,4.0]}}}