{"elements":[{"from":[6.857143,4.5714283,7.428571],"to":[9.142858,8.0,9.714286],"rotation":{"angle":0.0,"axis":"y","origin":[9.142858,4.5714283,6.285714]},"faces":{"east":{"uv":[8.0,3.5,9.0,5.0],"rotation":0,"texture":"#0","tintindex":0},"south":{"uv":[11.0,3.5,12.0,5.0],"rotation":0,"texture":"#0","tintindex":0},"north":{"uv":[9.0,3.5,10.0,5.0],"rotation":0,"texture":"#0","tintindex":0},"west":{"uv":[10.0,3.5,11.0,5.0],"rotation":0,"texture":"#0","tintindex":0},"up":{"uv":[10.0,3.5,9.0,2.5],"rotation":0,"texture":"#0","tintindex":0},"down":{"uv":[11.0,2.5,10.0,3.5],"rotation":0,"texture":"#0","tintindex":0}}}],"textures":{"0":"modelengine:entity/hills_creeper"},"display":{"head":{"translation":[0.0,-6.4,0.0],"scale":[4.0,4.0,4.0]}}}