{"elements":[{"from":[5.714286,3.4285712,6.285714],"to":[10.285714,9.142858,10.857143],"rotation":{"angle":0.0,"axis":"y","origin":[9.142858,4.5714283,6.285714]},"faces":{"east":{"uv":[8.0,3.5,9.0,5.0],"rotation":0,"texture":"#2","tintindex":0},"south":{"uv":[11.0,3.5,12.0,5.0],"rotation":0,"texture":"#2","tintindex":0},"north":{"uv":[9.0,3.5,10.0,5.0],"rotation":0,"texture":"#2","tintindex":0},"west":{"uv":[10.0,3.5,11.0,5.0],"rotation":0,"texture":"#2","tintindex":0},"up":{"uv":[10.0,3.5,9.0,2.5],"rotation":0,"texture":"#2","tintindex":0},"down":{"uv":[11.0,2.5,10.0,3.5],"rotation":0,"texture":"#2","tintindex":0}}},{"from":[10.285714,9.142858,10.857143],"to":[5.714286,3.4285712,6.285714],"rotation":{"angle":0.0,"axis":"y","origin":[9.142858,4.5714283,6.285714]},"faces":{"east":{"uv":[10.0,5.0,11.0,3.5],"rotation":0,"texture":"#2","tintindex":0},"south":{"uv":[9.0,5.0,10.0,3.5],"rotation":0,"texture":"#2","tintindex":0},"north":{"uv":[11.0,5.0,12.0,3.5],"rotation":0,"texture":"#2","tintindex":0},"west":{"uv":[8.0,5.0,9.0,3.5],"rotation":0,"texture":"#2","tintindex":0},"up":{"uv":[10.0,2.5,11.0,3.5],"rotation":0,"texture":"#2","tintindex":0},"down":{"uv":[9.0,3.5,10.0,2.5],"rotation":0,"texture":"#2","tintindex":0}}}],"textures":{"2":"modelengine:entity/creeper_armor_2"},"display":{"head":{"translation":[0.0,-6.4,0.0],"scale":[4.0,4.0,4.0]}}}