{"elements":[{"from":[5.714286,3.4285712,5.142857],"to":[10.285714,9.142858,9.714286],"rotation":{"angle":0.0,"axis":"y","origin":[6.857143,4.5714283,9.714286]},"faces":{"east":{"uv":[8.0,1.0,9.0,2.5],"rotation":0,"texture":"#2","tintindex":0},"south":{"uv":[11.0,1.0,12.0,2.5],"rotation":0,"texture":"#2","tintindex":0},"north":{"uv":[9.0,1.0,10.0,2.5],"rotation":0,"texture":"#2","tintindex":0},"west":{"uv":[10.0,1.0,11.0,2.5],"rotation":0,"texture":"#2","tintindex":0},"up":{"uv":[10.0,1.0,9.0,0.0],"rotation":0,"texture":"#2","tintindex":0},"down":{"uv":[11.0,0.0,10.0,1.0],"rotation":0,"texture":"#2","tintindex":0}}},{"from":[10.285714,9.142858,9.714286],"to":[5.714286,3.4285712,5.142857],"rotation":{"angle":0.0,"axis":"y","origin":[6.857143,4.5714283,9.714286]},"faces":{"east":{"uv":[10.0,2.5,11.0,1.0],"rotation":0,"texture":"#2","tintindex":0},"south":{"uv":[9.0,2.5,10.0,1.0],"rotation":0,"texture":"#2","tintindex":0},"north":{"uv":[11.0,2.5,12.0,1.0],"rotation":0,"texture":"#2","tintindex":0},"west":{"uv":[8.0,2.5,9.0,1.0],"rotation":0,"texture":"#2","tintindex":0},"up":{"uv":[10.0,0.0,11.0,1.0],"rotation":0,"texture":"#2","tintindex":0},"down":{"uv":[9.0,1.0,10.0,0.0],"rotation":0,"texture":"#2","tintindex":0}}}],"textures":{"2":"modelengine:entity/creeper_armor_2"},"display":{"head":{"translation":[0.0,-6.4,0.0],"scale":[4.0,4.0,4.0]}}}