{"elements":[{"from":[5.714286,3.4285712,5.142857],"to":[10.285714,9.142858,9.714286],"rotation":{"angle":0.0,"axis":"y","origin":[9.142858,4.5714283,9.714286]},"faces":{"east":{"uv":[7.0,7.25,8.0,8.75],"rotation":0,"texture":"#2","tintindex":0},"south":{"uv":[10.0,7.25,11.0,8.75],"rotation":0,"texture":"#2","tintindex":0},"north":{"uv":[8.0,7.25,9.0,8.75],"rotation":0,"texture":"#2","tintindex":0},"west":{"uv":[9.0,7.25,10.0,8.75],"rotation":0,"texture":"#2","tintindex":0},"up":{"uv":[9.0,7.25,8.0,6.25],"rotation":0,"texture":"#2","tintindex":0},"down":{"uv":[10.0,6.25,9.0,7.25],"rotation":0,"texture":"#2","tintindex":0}}},{"from":[10.285714,9.142858,9.714286],"to":[5.714286,3.4285712,5.142857],"rotation":{"angle":0.0,"axis":"y","origin":[9.142858,4.5714283,9.714286]},"faces":{"east":{"uv":[9.0,8.75,10.0,7.25],"rotation":0,"texture":"#2","tintindex":0},"south":{"uv":[8.0,8.75,9.0,7.25],"rotation":0,"texture":"#2","tintindex":0},"north":{"uv":[10.0,8.75,11.0,7.25],"rotation":0,"texture":"#2","tintindex":0},"west":{"uv":[7.0,8.75,8.0,7.25],"rotation":0,"texture":"#2","tintindex":0},"up":{"uv":[9.0,6.25,10.0,7.25],"rotation":0,"texture":"#2","tintindex":0},"down":{"uv":[8.0,7.25,9.0,6.25],"rotation":0,"texture":"#2","tintindex":0}}}],"textures":{"2":"modelengine:entity/creeper_armor_2"},"display":{"head":{"translation":[0.0,-6.4,0.0],"scale":[4.0,4.0,4.0]}}}