{"elements":[{"from":[6.857143,4.5714283,6.285714],"to":[9.142858,8.0,8.571428],"rotation":{"angle":0.0,"axis":"y","origin":[9.142858,4.5714283,9.714286]},"faces":{"east":{"uv":[7.0,7.25,8.0,8.75],"rotation":0,"texture":"#0","tintindex":0},"south":{"uv":[10.0,7.25,11.0,8.75],"rotation":0,"texture":"#0","tintindex":0},"north":{"uv":[8.0,7.25,9.0,8.75],"rotation":0,"texture":"#0","tintindex":0},"west":{"uv":[9.0,7.25,10.0,8.75],"rotation":0,"texture":"#0","tintindex":0},"up":{"uv":[9.0,7.25,8.0,6.25],"rotation":0,"texture":"#0","tintindex":0},"down":{"uv":[10.0,6.25,9.0,7.25],"rotation":0,"texture":"#0","tintindex":0}}}],"textures":{"0":"modelengine:entity/hills_creeper"},"display":{"head":{"translation":[0.0,-6.4,0.0],"scale":[4.0,4.0,4.0]}}}