{"parent":"minecraft:item/generated","textures":{"layer0":"minecraft:item/leather_horse_armor"},"overrides":[{"predicate":{"custom_model_data":1000},"model":"modelengine:creeper_bamboo/leg4"},{"predicate":{"custom_model_data":1001},"model":"modelengine:creeper_bamboo/leg4_armor"},{"predicate":{"custom_model_data":1002},"model":"modelengine:creeper_bamboo/leg3"},{"predicate":{"custom_model_data":1003},"model":"modelengine:creeper_bamboo/leg3_armor"},{"predicate":{"custom_model_data":1004},"model":"modelengine:creeper_bamboo/leg2"},{"predicate":{"custom_model_data":1005},"model":"modelengine:creeper_bamboo/leg2_armor"},{"predicate":{"custom_model_data":1006},"model":"modelengine:creeper_bamboo/leg1"},{"predicate":{"custom_model_data":1007},"model":"modelengine:creeper_bamboo/leg1_armor"},{"predicate":{"custom_model_data":1008},"model":"modelengine:creeper_bamboo/body"},{"predicate":{"custom_model_data":1009},"model":"modelengine:creeper_bamboo/head"},{"predicate":{"custom_model_data":1010},"model":"modelengine:creeper_bamboo/head_armor"},{"predicate":{"custom_model_data":1011},"model":"modelengine:creeper_bamboo/body_armor"},{"predicate":{"custom_model_data":1012},"model":"modelengine:creeper_hills/leg4"},{"predicate":{"custom_model_data":1013},"model":"modelengine:creeper_hills/leg4_armor"},{"predicate":{"custom_model_data":1014},"model":"modelengine:creeper_hills/leg3"},{"predicate":{"custom_model_data":1015},"model":"modelengine:creeper_hills/leg3_armor"},{"predicate":{"custom_model_data":1016},"model":"modelengine:creeper_hills/leg2"},{"predicate":{"custom_model_data":1017},"model":"modelengine:creeper_hills/leg2_armor"},{"predicate":{"custom_model_data":1018},"model":"modelengine:creeper_hills/leg1"},{"predicate":{"custom_model_data":1019},"model":"modelengine:creeper_hills/leg1_armor"},{"predicate":{"custom_model_data":1020},"model":"modelengine:creeper_hills/body"},{"predicate":{"custom_model_data":1021},"model":"modelengine:creeper_hills/body_armor"},{"predicate":{"custom_model_data":1022},"model":"modelengine:creeper_jungle/leg4"},{"predicate":{"custom_model_data":1023},"model":"modelengine:creeper_jungle/leg4_armor"},{"predicate":{"custom_model_data":1024},"model":"modelengine:creeper_jungle/leg3"},{"predicate":{"custom_model_data":1025},"model":"modelengine:creeper_jungle/leg3_armor"},{"predicate":{"custom_model_data":1026},"model":"modelengine:creeper_jungle/leg2"},{"predicate":{"custom_model_data":1027},"model":"modelengine:creeper_jungle/leg2_armor"},{"predicate":{"custom_model_data":1028},"model":"modelengine:creeper_jungle/leg1"},{"predicate":{"custom_model_data":1029},"model":"modelengine:creeper_jungle/leg1_armor"},{"predicate":{"custom_model_data":1030},"model":"modelengine:creeper_jungle/body"},{"predicate":{"custom_model_data":1031},"model":"modelengine:creeper_jungle/head"},{"predicate":{"custom_model_data":1032},"model":"modelengine:creeper_jungle/head_armor"},{"predicate":{"custom_model_data":1033},"model":"modelengine:creeper_jungle/body_armor"},{"predicate":{"custom_model_data":1034},"model":"modelengine:creeper_plains/leg4"},{"predicate":{"custom_model_data":1035},"model":"modelengine:creeper_plains/leg4_armor"},{"predicate":{"custom_model_data":1036},"model":"modelengine:creeper_plains/leg3"},{"predicate":{"custom_model_data":1037},"model":"modelengine:creeper_plains/leg3_armor"},{"predicate":{"custom_model_data":1038},"model":"modelengine:creeper_plains/leg2"},{"predicate":{"custom_model_data":1039},"model":"modelengine:creeper_plains/leg2_armor"},{"predicate":{"custom_model_data":1040},"model":"modelengine:creeper_plains/leg1"},{"predicate":{"custom_model_data":1041},"model":"modelengine:creeper_plains/leg1_armor"},{"predicate":{"custom_model_data":1042},"model":"modelengine:creeper_plains/body"},{"predicate":{"custom_model_data":1043},"model":"modelengine:creeper_plains/head"},{"predicate":{"custom_model_data":1044},"model":"modelengine:creeper_plains/head_armor"},{"predicate":{"custom_model_data":1045},"model":"modelengine:creeper_plains/body_armor"},{"predicate":{"custom_model_data":1046},"model":"modelengine:creeper_plains_christmas/leg4"},{"predicate":{"custom_model_data":1047},"model":"modelengine:creeper_plains_christmas/leg4_armor"},{"predicate":{"custom_model_data":1048},"model":"modelengine:creeper_plains_christmas/leg3"},{"predicate":{"custom_model_data":1049},"model":"modelengine:creeper_plains_christmas/leg3_armor"},{"predicate":{"custom_model_data":1050},"model":"modelengine:creeper_plains_christmas/leg2"},{"predicate":{"custom_model_data":1051},"model":"modelengine:creeper_plains_christmas/leg2_armor"},{"predicate":{"custom_model_data":1052},"model":"modelengine:creeper_plains_christmas/leg1"},{"predicate":{"custom_model_data":1053},"model":"modelengine:creeper_plains_christmas/leg1_armor"},{"predicate":{"custom_model_data":1054},"model":"modelengine:creeper_plains_christmas/body"},{"predicate":{"custom_model_data":1055},"model":"modelengine:creeper_plains_christmas/head"},{"predicate":{"custom_model_data":1056},"model":"modelengine:creeper_plains_christmas/head_armor"},{"predicate":{"custom_model_data":1057},"model":"modelengine:creeper_plains_christmas/body_armor"},{"predicate":{"custom_model_data":1058},"model":"modelengine:creeper_plains_halloween/leg4"},{"predicate":{"custom_model_data":1059},"model":"modelengine:creeper_plains_halloween/leg4_armor"},{"predicate":{"custom_model_data":1060},"model":"modelengine:creeper_plains_halloween/leg3"},{"predicate":{"custom_model_data":1061},"model":"modelengine:creeper_plains_halloween/leg3_armor"},{"predicate":{"custom_model_data":1062},"model":"modelengine:creeper_plains_halloween/leg2"},{"predicate":{"custom_model_data":1063},"model":"modelengine:creeper_plains_halloween/leg2_armor"},{"predicate":{"custom_model_data":1064},"model":"modelengine:creeper_plains_halloween/leg1"},{"predicate":{"custom_model_data":1065},"model":"modelengine:creeper_plains_halloween/leg1_armor"},{"predicate":{"custom_model_data":1066},"model":"modelengine:creeper_plains_halloween/body"},{"predicate":{"custom_model_data":1067},"model":"modelengine:creeper_plains_halloween/head"},{"predicate":{"custom_model_data":1068},"model":"modelengine:creeper_plains_halloween/head_armor"},{"predicate":{"custom_model_data":1069},"model":"modelengine:creeper_plains_halloween/body_armor"},{"predicate":{"custom_model_data":1070},"model":"modelengine:creeper_plains_stpatricksday/leg4"},{"predicate":{"custom_model_data":1071},"model":"modelengine:creeper_plains_stpatricksday/leg4_armor"},{"predicate":{"custom_model_data":1072},"model":"modelengine:creeper_plains_stpatricksday/leg3"},{"predicate":{"custom_model_data":1073},"model":"modelengine:creeper_plains_stpatricksday/leg3_armor"},{"predicate":{"custom_model_data":1074},"model":"modelengine:creeper_plains_stpatricksday/leg2"},{"predicate":{"custom_model_data":1075},"model":"modelengine:creeper_plains_stpatricksday/leg2_armor"},{"predicate":{"custom_model_data":1076},"model":"modelengine:creeper_plains_stpatricksday/leg1"},{"predicate":{"custom_model_data":1077},"model":"modelengine:creeper_plains_stpatricksday/leg1_armor"},{"predicate":{"custom_model_data":1078},"model":"modelengine:creeper_plains_stpatricksday/body"},{"predicate":{"custom_model_data":1079},"model":"modelengine:creeper_plains_stpatricksday/head"},{"predicate":{"custom_model_data":1080},"model":"modelengine:creeper_plains_stpatricksday/head_armor"},{"predicate":{"custom_model_data":1081},"model":"modelengine:creeper_plains_stpatricksday/body_armor"},{"predicate":{"custom_model_data":1082},"model":"modelengine:creeper_spruce/leg4"},{"predicate":{"custom_model_data":1083},"model":"modelengine:creeper_spruce/leg4_armor"},{"predicate":{"custom_model_data":1084},"model":"modelengine:creeper_spruce/leg3"},{"predicate":{"custom_model_data":1085},"model":"modelengine:creeper_spruce/leg3_armor"},{"predicate":{"custom_model_data":1086},"model":"modelengine:creeper_spruce/leg2"},{"predicate":{"custom_model_data":1087},"model":"modelengine:creeper_spruce/leg2_armor"},{"predicate":{"custom_model_data":1088},"model":"modelengine:creeper_spruce/leg1"},{"predicate":{"custom_model_data":1089},"model":"modelengine:creeper_spruce/leg1_armor"},{"predicate":{"custom_model_data":1090},"model":"modelengine:creeper_spruce/body"},{"predicate":{"custom_model_data":1091},"model":"modelengine:creeper_spruce/head"},{"predicate":{"custom_model_data":1092},"model":"modelengine:creeper_spruce/head_armor"},{"predicate":{"custom_model_data":1093},"model":"modelengine:creeper_spruce/body_armor"}]}