{"elements":[{"from":[5.714286,8.0,6.857143],"to":[10.285714,14.857143,9.142858],"rotation":{"angle":0.0,"axis":"y","origin":[8.0,4.5714283,8.0]},"faces":{"east":{"uv":[4.0,5.0,5.0,8.0],"rotation":0,"texture":"#0","tintindex":0},"south":{"uv":[8.0,5.0,10.0,8.0],"rotation":0,"texture":"#0","tintindex":0},"north":{"uv":[5.0,5.0,7.0,8.0],"rotation":0,"texture":"#0","tintindex":0},"west":{"uv":[7.0,5.0,8.0,8.0],"rotation":0,"texture":"#0","tintindex":0},"up":{"uv":[7.0,5.0,5.0,4.0],"rotation":0,"texture":"#0","tintindex":0},"down":{"uv":[9.0,4.0,7.0,5.0],"rotation":0,"texture":"#0","tintindex":0}}}],"textures":{"0":"modelengine:entity/plains_creeper_halloween"},"display":{"head":{"translation":[0.0,-6.4,0.0],"scale":[4.0,4.0,4.0]}}}