{"elements":[{"from":[5.714286,8.0,5.714286],"to":[10.285714,12.571428,10.285714],"rotation":{"angle":0.0,"axis":"y","origin":[8.0,-2.285715,8.0]},"faces":{"east":{"uv":[0.0,2.0,2.0,4.0],"rotation":0,"texture":"#0","tintindex":0},"south":{"uv":[6.0,2.0,8.0,4.0],"rotation":0,"texture":"#0","tintindex":0},"north":{"uv":[2.0,2.0,4.0,4.0],"rotation":0,"texture":"#0","tintindex":0},"west":{"uv":[4.0,2.0,6.0,4.0],"rotation":0,"texture":"#0","tintindex":0},"up":{"uv":[4.0,2.0,2.0,0.0],"rotation":0,"texture":"#0","tintindex":0},"down":{"uv":[6.0,0.0,4.0,2.0],"rotation":0,"texture":"#0","tintindex":0}}},{"from":[5.714286,12.571428,5.714286],"to":[10.285714,17.142857,10.285714],"rotation":{"angle":0.0,"axis":"y","origin":[8.0,-2.285715,8.0]},"faces":{"east":{"uv":[0.0,10.0,2.0,12.0],"rotation":0,"texture":"#0","tintindex":0},"south":{"uv":[6.0,10.0,8.0,12.0],"rotation":0,"texture":"#0","tintindex":0},"north":{"uv":[2.0,10.0,4.0,12.0],"rotation":0,"texture":"#0","tintindex":0},"west":{"uv":[4.0,10.0,6.0,12.0],"rotation":0,"texture":"#0","tintindex":0},"up":{"uv":[4.0,10.0,2.0,8.0],"rotation":0,"texture":"#0","tintindex":0},"down":{"uv":[6.0,8.0,4.0,10.0],"rotation":0,"texture":"#0","tintindex":0}}},{"from":[4.5714283,11.428572,4.5714283],"to":[11.428572,13.142858,11.428572],"rotation":{"angle":0.0,"axis":"y","origin":[8.0,8.0,8.0]},"faces":{"east":{"uv":[1.5,10.5,4.5,11.25],"rotation":0,"texture":"#0","tintindex":0},"south":{"uv":[1.5,10.5,4.5,11.25],"rotation":0,"texture":"#0","tintindex":0},"north":{"uv":[1.5,10.5,4.5,11.25],"rotation":0,"texture":"#0","tintindex":0},"west":{"uv":[1.75,10.5,4.5,11.25],"rotation":0,"texture":"#0","tintindex":0},"up":{"uv":[4.0,10.0,2.0,8.0],"rotation":0,"texture":"#0","tintindex":0},"down":{"uv":[14.5,12.5,11.5,15.5],"rotation":0,"texture":"#0","tintindex":0}}},{"from":[6.6285715,14.4,6.857143],"to":[8.914286,19.542858,9.142858],"rotation":{"angle":45.0,"axis":"z","origin":[7.7714286,15.542857,8.0]},"faces":{"east":{"uv":[0.0,12.75,1.0,15.0],"rotation":0,"texture":"#0","tintindex":0},"south":{"uv":[3.0,12.75,4.0,15.0],"rotation":0,"texture":"#0","tintindex":0},"north":{"uv":[1.0,12.75,2.0,15.0],"rotation":0,"texture":"#0","tintindex":0},"west":{"uv":[2.0,12.75,3.0,15.0],"rotation":0,"texture":"#0","tintindex":0},"up":{"uv":[2.0,12.75,1.0,11.75],"rotation":0,"texture":"#0","tintindex":0},"down":{"uv":[3.0,11.75,2.0,12.75],"rotation":0,"texture":"#0","tintindex":0}}},{"from":[3.1999998,17.257145,7.428571],"to":[4.9142857,18.400002,8.571428],"rotation":{"angle":0.0,"axis":"y","origin":[4.9142857,14.4,8.0]},"faces":{"east":{"uv":[4.0,13.25,4.5,13.75],"rotation":0,"texture":"#0","tintindex":0},"south":{"uv":[5.75,13.25,6.5,13.75],"rotation":0,"texture":"#0","tintindex":0},"north":{"uv":[4.5,13.25,5.25,13.75],"rotation":0,"texture":"#0","tintindex":0},"west":{"uv":[5.25,13.25,5.75,13.75],"rotation":0,"texture":"#0","tintindex":0},"up":{"uv":[5.25,13.25,4.5,12.75],"rotation":0,"texture":"#0","tintindex":0},"down":{"uv":[6.0,12.75,5.25,13.25],"rotation":0,"texture":"#0","tintindex":0}}}],"textures":{"0":"modelengine:entity/plains_creeper_halloween"},"display":{"head":{"translation":[0.0,-6.4,0.0],"scale":[4.0,4.0,4.0]}}}