{"elements":[{"from":[6.285714,8.0,6.857143],"to":[9.714286,12.571428,9.142858],"rotation":{"angle":0.0,"axis":"y","origin":[8.0,4.5714283,8.0]},"faces":{"east":{"uv":[0.0,9.25,1.0,11.25],"rotation":0,"texture":"#0","tintindex":0},"south":{"uv":[3.5,9.25,5.0,11.25],"rotation":0,"texture":"#0","tintindex":0},"north":{"uv":[1.0,9.25,2.5,11.25],"rotation":0,"texture":"#0","tintindex":0},"west":{"uv":[2.5,9.25,3.5,11.25],"rotation":0,"texture":"#0","tintindex":0},"up":{"uv":[2.5,9.25,1.0,8.25],"rotation":0,"texture":"#0","tintindex":0},"down":{"uv":[4.0,8.25,2.5,9.25],"rotation":0,"texture":"#0","tintindex":0}}}],"textures":{"0":"modelengine:entity/jungle_creeper"},"display":{"head":{"translation":[0.0,-6.4,0.0],"scale":[4.0,4.0,4.0]}}}