{"elements":[{"from":[4.5714283,6.857143,4.5714283],"to":[11.428572,13.714286,11.428572],"rotation":{"angle":0.0,"axis":"y","origin":[8.0,-2.285715,8.0]},"faces":{"east":{"uv":[5.0,8.25,7.0,10.25],"rotation":0,"texture":"#2","tintindex":0},"south":{"uv":[11.0,8.25,13.0,10.25],"rotation":0,"texture":"#2","tintindex":0},"north":{"uv":[7.0,8.25,9.0,10.25],"rotation":0,"texture":"#2","tintindex":0},"west":{"uv":[9.0,8.25,11.0,10.25],"rotation":0,"texture":"#2","tintindex":0},"up":{"uv":[9.0,8.25,7.0,6.25],"rotation":0,"texture":"#2","tintindex":0},"down":{"uv":[11.0,6.25,9.0,8.25],"rotation":0,"texture":"#2","tintindex":0}}},{"from":[11.428572,13.714286,11.428572],"to":[4.5714283,6.857143,4.5714283],"rotation":{"angle":0.0,"axis":"y","origin":[8.0,-2.285715,8.0]},"faces":{"east":{"uv":[9.0,10.25,11.0,8.25],"rotation":0,"texture":"#2","tintindex":0},"south":{"uv":[7.0,10.25,9.0,8.25],"rotation":0,"texture":"#2","tintindex":0},"north":{"uv":[11.0,10.25,13.0,8.25],"rotation":0,"texture":"#2","tintindex":0},"west":{"uv":[5.0,10.25,7.0,8.25],"rotation":0,"texture":"#2","tintindex":0},"up":{"uv":[9.0,6.25,11.0,8.25],"rotation":0,"texture":"#2","tintindex":0},"down":{"uv":[7.0,8.25,9.0,6.25],"rotation":0,"texture":"#2","tintindex":0}}}],"textures":{"2":"modelengine:entity/creeper_armor_1"},"display":{"head":{"translation":[0.0,-6.4,0.0],"scale":[4.0,4.0,4.0]}}}