{"elements":[{"from":[5.714286,8.0,5.714286],"to":[10.285714,12.571428,10.285714],"rotation":{"angle":0.0,"axis":"y","origin":[8.0,-2.285715,8.0]},"faces":{"east":{"uv":[5.0,8.25,7.0,10.25],"rotation":0,"texture":"#0","tintindex":0},"south":{"uv":[11.0,8.25,13.0,10.25],"rotation":0,"texture":"#0","tintindex":0},"north":{"uv":[7.0,8.25,9.0,10.25],"rotation":0,"texture":"#0","tintindex":0},"west":{"uv":[9.0,8.25,11.0,10.25],"rotation":0,"texture":"#0","tintindex":0},"up":{"uv":[9.0,8.25,7.0,6.25],"rotation":0,"texture":"#0","tintindex":0},"down":{"uv":[11.0,6.25,9.0,8.25],"rotation":0,"texture":"#0","tintindex":0}}},{"from":[5.142857,9.142858,5.142857],"to":[10.857143,13.142858,10.857143],"rotation":{"angle":0.0,"axis":"y","origin":[8.0,-2.285715,8.0]},"faces":{"east":{"uv":[0.0,2.5,2.5,4.25],"rotation":0,"texture":"#0","tintindex":0},"south":{"uv":[7.5,2.5,10.0,4.25],"rotation":0,"texture":"#0","tintindex":0},"north":{"uv":[2.5,2.5,5.0,4.25],"rotation":0,"texture":"#0","tintindex":0},"west":{"uv":[5.0,2.5,7.5,4.25],"rotation":0,"texture":"#0","tintindex":0},"up":{"uv":[5.0,2.5,2.5,0.0],"rotation":0,"texture":"#0","tintindex":0},"down":{"uv":[7.5,0.0,5.0,2.5],"rotation":0,"texture":"#0","tintindex":0}}},{"from":[4.0,13.142858,5.142857],"to":[12.0,17.714287,5.142857],"rotation":{"angle":0.0,"axis":"y","origin":[8.0,13.142858,8.0]},"faces":{"east":{"uv":[7.5,0.0,7.5,2.0],"rotation":0,"texture":"#0","tintindex":0},"south":{"uv":[7.5,0.0,11.0,2.0],"rotation":0,"texture":"#0","tintindex":0},"north":{"uv":[11.0,0.0,7.5,2.0],"rotation":0,"texture":"#0","tintindex":0},"west":{"uv":[11.0,0.0,11.0,2.0],"rotation":0,"texture":"#0","tintindex":0},"up":{"uv":[11.0,0.0,7.5,0.0],"rotation":0,"texture":"#0","tintindex":0},"down":{"uv":[14.5,0.0,11.0,0.0],"rotation":0,"texture":"#0","tintindex":0}}},{"from":[4.0,13.142858,10.857143],"to":[12.0,17.714287,10.857143],"rotation":{"angle":0.0,"axis":"y","origin":[8.0,13.142858,8.0]},"faces":{"east":{"uv":[7.0,4.25,7.0,6.25],"rotation":0,"texture":"#0","tintindex":0},"south":{"uv":[10.5,4.25,14.0,6.25],"rotation":0,"texture":"#0","tintindex":0},"north":{"uv":[14.0,4.25,10.5,6.25],"rotation":0,"texture":"#0","tintindex":0},"west":{"uv":[10.5,4.25,10.5,6.25],"rotation":0,"texture":"#0","tintindex":0},"up":{"uv":[10.5,4.25,7.0,4.25],"rotation":0,"texture":"#0","tintindex":0},"down":{"uv":[14.0,4.25,10.5,4.25],"rotation":0,"texture":"#0","tintindex":0}}},{"from":[5.142857,13.142858,4.0],"to":[5.142857,17.714287,12.0],"rotation":{"angle":0.0,"axis":"y","origin":[8.0,13.142858,8.0]},"faces":{"east":{"uv":[7.0,6.25,3.5,8.25],"rotation":0,"texture":"#0","tintindex":0},"south":{"uv":[7.0,6.25,7.0,8.25],"rotation":0,"texture":"#0","tintindex":0},"north":{"uv":[3.5,6.25,3.5,8.25],"rotation":0,"texture":"#0","tintindex":0},"west":{"uv":[3.5,6.25,7.0,8.25],"rotation":0,"texture":"#0","tintindex":0},"up":{"uv":[3.5,6.25,3.5,2.75],"rotation":0,"texture":"#0","tintindex":0},"down":{"uv":[3.5,2.75,3.5,6.25],"rotation":0,"texture":"#0","tintindex":0}}},{"from":[10.857143,13.142858,4.0],"to":[10.857143,17.714287,12.0],"rotation":{"angle":0.0,"axis":"y","origin":[8.0,13.142858,8.0]},"faces":{"east":{"uv":[0.0,4.25,3.5,6.25],"rotation":0,"texture":"#0","tintindex":0},"south":{"uv":[7.0,4.25,7.0,6.25],"rotation":0,"texture":"#0","tintindex":0},"north":{"uv":[3.5,4.25,3.5,6.25],"rotation":0,"texture":"#0","tintindex":0},"west":{"uv":[3.5,4.25,0.0,6.25],"rotation":0,"texture":"#0","tintindex":0},"up":{"uv":[3.5,4.25,3.5,0.75],"rotation":0,"texture":"#0","tintindex":0},"down":{"uv":[3.5,0.75,3.5,4.25],"rotation":0,"texture":"#0","tintindex":0}}}],"textures":{"0":"modelengine:entity/jungle_creeper"},"display":{"head":{"translation":[0.0,-6.4,0.0],"scale":[4.0,4.0,4.0]}}}