{"elements":[{"from":[6.857143,5.142857,6.857143],"to":[9.142858,8.0,9.142858],"rotation":{"angle":0.0,"axis":"y","origin":[6.857143,5.142857,5.714286]},"faces":{"east":{"uv":[0.0,12.25,1.0,13.5],"rotation":0,"texture":"#0","tintindex":0},"south":{"uv":[3.0,12.25,4.0,13.5],"rotation":0,"texture":"#0","tintindex":0},"north":{"uv":[1.0,12.25,2.0,13.5],"rotation":0,"texture":"#0","tintindex":0},"west":{"uv":[2.0,12.25,3.0,13.5],"rotation":0,"texture":"#0","tintindex":0},"up":{"uv":[2.0,12.25,1.0,11.25],"rotation":0,"texture":"#0","tintindex":0},"down":{"uv":[3.0,11.25,2.0,12.25],"rotation":0,"texture":"#0","tintindex":0}}}],"textures":{"0":"modelengine:entity/jungle_creeper"},"display":{"head":{"translation":[0.0,-6.4,0.0],"scale":[4.0,4.0,4.0]}}}