{"elements":[{"from":[5.714286,4.0,5.714286],"to":[10.285714,9.142858,10.285714],"rotation":{"angle":0.0,"axis":"y","origin":[6.857143,5.142857,5.714286]},"faces":{"east":{"uv":[0.0,12.25,1.0,13.5],"rotation":0,"texture":"#2","tintindex":0},"south":{"uv":[3.0,12.25,4.0,13.5],"rotation":0,"texture":"#2","tintindex":0},"north":{"uv":[1.0,12.25,2.0,13.5],"rotation":0,"texture":"#2","tintindex":0},"west":{"uv":[2.0,12.25,3.0,13.5],"rotation":0,"texture":"#2","tintindex":0},"up":{"uv":[2.0,12.25,1.0,11.25],"rotation":0,"texture":"#2","tintindex":0},"down":{"uv":[3.0,11.25,2.0,12.25],"rotation":0,"texture":"#2","tintindex":0}}},{"from":[10.285714,9.142858,10.285714],"to":[5.714286,4.0,5.714286],"rotation":{"angle":0.0,"axis":"y","origin":[6.857143,5.142857,5.714286]},"faces":{"east":{"uv":[2.0,13.5,3.0,12.25],"rotation":0,"texture":"#2","tintindex":0},"south":{"uv":[1.0,13.5,2.0,12.25],"rotation":0,"texture":"#2","tintindex":0},"north":{"uv":[3.0,13.5,4.0,12.25],"rotation":0,"texture":"#2","tintindex":0},"west":{"uv":[0.0,13.5,1.0,12.25],"rotation":0,"texture":"#2","tintindex":0},"up":{"uv":[2.0,11.25,3.0,12.25],"rotation":0,"texture":"#2","tintindex":0},"down":{"uv":[1.0,12.25,2.0,11.25],"rotation":0,"texture":"#2","tintindex":0}}}],"textures":{"2":"modelengine:entity/creeper_armor_1"},"display":{"head":{"translation":[0.0,-6.4,0.0],"scale":[4.0,4.0,4.0]}}}