{"elements":[{"from":[6.857143,5.142857,6.857143],"to":[9.142858,8.0,9.142858],"rotation":{"angle":0.0,"axis":"y","origin":[9.142858,5.142857,5.714286]},"faces":{"east":{"uv":[8.0,11.25,9.0,12.5],"rotation":0,"texture":"#0","tintindex":0},"south":{"uv":[11.0,11.25,12.0,12.5],"rotation":0,"texture":"#0","tintindex":0},"north":{"uv":[9.0,11.25,10.0,12.5],"rotation":0,"texture":"#0","tintindex":0},"west":{"uv":[10.0,11.25,11.0,12.5],"rotation":0,"texture":"#0","tintindex":0},"up":{"uv":[10.0,11.25,9.0,10.25],"rotation":0,"texture":"#0","tintindex":0},"down":{"uv":[11.0,10.25,10.0,11.25],"rotation":0,"texture":"#0","tintindex":0}}}],"textures":{"0":"modelengine:entity/jungle_creeper"},"display":{"head":{"translation":[0.0,-6.4,0.0],"scale":[4.0,4.0,4.0]}}}