{"elements":[{"from":[5.714286,4.0,5.714286],"to":[10.285714,9.142858,10.285714],"rotation":{"angle":0.0,"axis":"y","origin":[9.142858,5.142857,5.714286]},"faces":{"east":{"uv":[8.0,11.25,9.0,12.5],"rotation":0,"texture":"#2","tintindex":0},"south":{"uv":[11.0,11.25,12.0,12.5],"rotation":0,"texture":"#2","tintindex":0},"north":{"uv":[9.0,11.25,10.0,12.5],"rotation":0,"texture":"#2","tintindex":0},"west":{"uv":[10.0,11.25,11.0,12.5],"rotation":0,"texture":"#2","tintindex":0},"up":{"uv":[10.0,11.25,9.0,10.25],"rotation":0,"texture":"#2","tintindex":0},"down":{"uv":[11.0,10.25,10.0,11.25],"rotation":0,"texture":"#2","tintindex":0}}},{"from":[10.285714,9.142858,10.285714],"to":[5.714286,4.0,5.714286],"rotation":{"angle":0.0,"axis":"y","origin":[9.142858,5.142857,5.714286]},"faces":{"east":{"uv":[10.0,12.5,11.0,11.25],"rotation":0,"texture":"#2","tintindex":0},"south":{"uv":[9.0,12.5,10.0,11.25],"rotation":0,"texture":"#2","tintindex":0},"north":{"uv":[11.0,12.5,12.0,11.25],"rotation":0,"texture":"#2","tintindex":0},"west":{"uv":[8.0,12.5,9.0,11.25],"rotation":0,"texture":"#2","tintindex":0},"up":{"uv":[10.0,10.25,11.0,11.25],"rotation":0,"texture":"#2","tintindex":0},"down":{"uv":[9.0,11.25,10.0,10.25],"rotation":0,"texture":"#2","tintindex":0}}}],"textures":{"2":"modelengine:entity/creeper_armor_1"},"display":{"head":{"translation":[0.0,-6.4,0.0],"scale":[4.0,4.0,4.0]}}}