{"elements":[{"from":[6.857143,5.142857,6.857143],"to":[9.142858,8.0,9.142858],"rotation":{"angle":0.0,"axis":"y","origin":[6.857143,5.142857,10.285714]},"faces":{"east":{"uv":[4.0,11.25,5.0,12.5],"rotation":0,"texture":"#0","tintindex":0},"south":{"uv":[7.0,11.25,8.0,12.5],"rotation":0,"texture":"#0","tintindex":0},"north":{"uv":[5.0,11.25,6.0,12.5],"rotation":0,"texture":"#0","tintindex":0},"west":{"uv":[6.0,11.25,7.0,12.5],"rotation":0,"texture":"#0","tintindex":0},"up":{"uv":[6.0,11.25,5.0,10.25],"rotation":0,"texture":"#0","tintindex":0},"down":{"uv":[7.0,10.25,6.0,11.25],"rotation":0,"texture":"#0","tintindex":0}}}],"textures":{"0":"modelengine:entity/jungle_creeper"},"display":{"head":{"translation":[0.0,-6.4,0.0],"scale":[4.0,4.0,4.0]}}}