{"elements":[{"from":[5.714286,4.0,5.714286],"to":[10.285714,9.142858,10.285714],"rotation":{"angle":0.0,"axis":"y","origin":[6.857143,5.142857,10.285714]},"faces":{"east":{"uv":[4.0,11.25,5.0,12.5],"rotation":0,"texture":"#2","tintindex":0},"south":{"uv":[7.0,11.25,8.0,12.5],"rotation":0,"texture":"#2","tintindex":0},"north":{"uv":[5.0,11.25,6.0,12.5],"rotation":0,"texture":"#2","tintindex":0},"west":{"uv":[6.0,11.25,7.0,12.5],"rotation":0,"texture":"#2","tintindex":0},"up":{"uv":[6.0,11.25,5.0,10.25],"rotation":0,"texture":"#2","tintindex":0},"down":{"uv":[7.0,10.25,6.0,11.25],"rotation":0,"texture":"#2","tintindex":0}}},{"from":[10.285714,9.142858,10.285714],"to":[5.714286,4.0,5.714286],"rotation":{"angle":0.0,"axis":"y","origin":[6.857143,5.142857,10.285714]},"faces":{"east":{"uv":[6.0,12.5,7.0,11.25],"rotation":0,"texture":"#2","tintindex":0},"south":{"uv":[5.0,12.5,6.0,11.25],"rotation":0,"texture":"#2","tintindex":0},"north":{"uv":[7.0,12.5,8.0,11.25],"rotation":0,"texture":"#2","tintindex":0},"west":{"uv":[4.0,12.5,5.0,11.25],"rotation":0,"texture":"#2","tintindex":0},"up":{"uv":[6.0,10.25,7.0,11.25],"rotation":0,"texture":"#2","tintindex":0},"down":{"uv":[5.0,11.25,6.0,10.25],"rotation":0,"texture":"#2","tintindex":0}}}],"textures":{"2":"modelengine:entity/creeper_armor_1"},"display":{"head":{"translation":[0.0,-6.4,0.0],"scale":[4.0,4.0,4.0]}}}