{"elements":[{"from":[6.857143,5.142857,6.857143],"to":[9.142858,8.0,9.142858],"rotation":{"angle":0.0,"axis":"y","origin":[9.142858,5.142857,10.285714]},"faces":{"east":{"uv":[10.0,3.0,11.0,4.25],"rotation":0,"texture":"#0","tintindex":0},"south":{"uv":[13.0,3.0,14.0,4.25],"rotation":0,"texture":"#0","tintindex":0},"north":{"uv":[11.0,3.0,12.0,4.25],"rotation":0,"texture":"#0","tintindex":0},"west":{"uv":[12.0,3.0,13.0,4.25],"rotation":0,"texture":"#0","tintindex":0},"up":{"uv":[12.0,3.0,11.0,2.0],"rotation":0,"texture":"#0","tintindex":0},"down":{"uv":[13.0,2.0,12.0,3.0],"rotation":0,"texture":"#0","tintindex":0}}}],"textures":{"0":"modelengine:entity/jungle_creeper"},"display":{"head":{"translation":[0.0,-6.4,0.0],"scale":[4.0,4.0,4.0]}}}