{"elements":[{"from":[4.5714283,6.857143,5.714286],"to":[11.428572,16.0,10.285714],"rotation":{"angle":0.0,"axis":"y","origin":[8.0,4.5714283,8.0]},"faces":{"east":{"uv":[4.0,5.0,5.0,8.0],"rotation":0,"texture":"#2","tintindex":0},"south":{"uv":[8.0,5.0,10.0,8.0],"rotation":0,"texture":"#2","tintindex":0},"north":{"uv":[5.0,5.0,7.0,8.0],"rotation":0,"texture":"#2","tintindex":0},"west":{"uv":[7.0,5.0,8.0,8.0],"rotation":0,"texture":"#2","tintindex":0},"up":{"uv":[7.0,5.0,5.0,4.0],"rotation":0,"texture":"#2","tintindex":0},"down":{"uv":[9.0,4.0,7.0,5.0],"rotation":0,"texture":"#2","tintindex":0}}},{"from":[11.428572,16.0,10.285714],"to":[4.5714283,6.857143,5.714286],"rotation":{"angle":0.0,"axis":"y","origin":[8.0,4.5714283,8.0]},"faces":{"east":{"uv":[7.0,8.0,8.0,5.0],"rotation":0,"texture":"#2","tintindex":0},"south":{"uv":[5.0,8.0,7.0,5.0],"rotation":0,"texture":"#2","tintindex":0},"north":{"uv":[8.0,8.0,10.0,5.0],"rotation":0,"texture":"#2","tintindex":0},"west":{"uv":[4.0,8.0,5.0,5.0],"rotation":0,"texture":"#2","tintindex":0},"up":{"uv":[7.0,4.0,9.0,5.0],"rotation":0,"texture":"#2","tintindex":0},"down":{"uv":[5.0,5.0,7.0,4.0],"rotation":0,"texture":"#2","tintindex":0}}}],"textures":{"2":"modelengine:entity/creeper_armor_1"},"display":{"head":{"translation":[0.0,-6.4,0.0],"scale":[4.0,4.0,4.0]}}}