{"elements":[{"from":[5.714286,8.0,5.714286],"to":[10.285714,12.571428,10.285714],"rotation":{"angle":0.0,"axis":"y","origin":[8.0,-2.285715,8.0]},"faces":{"east":{"uv":[0.0,2.0,2.0,4.0],"rotation":0,"texture":"#0","tintindex":0},"south":{"uv":[6.0,2.0,8.0,4.0],"rotation":0,"texture":"#0","tintindex":0},"north":{"uv":[2.0,2.0,4.0,4.0],"rotation":0,"texture":"#0","tintindex":0},"west":{"uv":[4.0,2.0,6.0,4.0],"rotation":0,"texture":"#0","tintindex":0},"up":{"uv":[4.0,2.0,2.0,0.0],"rotation":0,"texture":"#0","tintindex":0},"down":{"uv":[6.0,0.0,4.0,2.0],"rotation":0,"texture":"#0","tintindex":0}}},{"from":[5.714286,12.571428,5.714286],"to":[10.285714,17.142857,10.285714],"rotation":{"angle":0.0,"axis":"y","origin":[8.0,-2.285715,8.0]},"faces":{"east":{"uv":[0.0,10.0,2.0,12.0],"rotation":0,"texture":"#0","tintindex":0},"south":{"uv":[6.0,10.0,8.0,12.0],"rotation":0,"texture":"#0","tintindex":0},"north":{"uv":[2.0,10.0,4.0,12.0],"rotation":0,"texture":"#0","tintindex":0},"west":{"uv":[4.0,10.0,6.0,12.0],"rotation":0,"texture":"#0","tintindex":0},"up":{"uv":[4.0,10.0,2.0,8.0],"rotation":0,"texture":"#0","tintindex":0},"down":{"uv":[6.0,8.0,4.0,10.0],"rotation":0,"texture":"#0","tintindex":0}}},{"from":[3.4285712,12.571428,3.4285712],"to":[12.571428,12.571428,12.571428],"rotation":{"angle":0.0,"axis":"y","origin":[8.0,8.0,8.0]},"faces":{"east":{"uv":[3.0,16.0,7.0,16.0],"rotation":0,"texture":"#0","tintindex":0},"south":{"uv":[15.0,16.0,19.0,16.0],"rotation":0,"texture":"#0","tintindex":0},"north":{"uv":[7.0,16.0,11.0,16.0],"rotation":0,"texture":"#0","tintindex":0},"west":{"uv":[11.0,16.0,15.0,16.0],"rotation":0,"texture":"#0","tintindex":0},"up":{"uv":[4.0,16.0,0.0,12.0],"rotation":0,"texture":"#0","tintindex":0},"down":{"uv":[4.0,12.0,0.0,16.0],"rotation":0,"texture":"#0","tintindex":0}}}],"textures":{"0":"modelengine:entity/plains_creeper_stpatricksday"},"display":{"head":{"translation":[0.0,-6.4,0.0],"scale":[4.0,4.0,4.0]}}}