{"elements":[{"from":[5.714286,3.4285712,5.714286],"to":[10.285714,9.142858,10.285714],"rotation":{"angle":0.0,"axis":"y","origin":[9.142858,4.5714283,5.714286]},"faces":{"east":{"uv":[10.0,6.5,11.0,8.0],"rotation":0,"texture":"#2","tintindex":0},"south":{"uv":[13.0,6.5,14.0,8.0],"rotation":0,"texture":"#2","tintindex":0},"north":{"uv":[11.0,6.5,12.0,8.0],"rotation":0,"texture":"#2","tintindex":0},"west":{"uv":[12.0,6.5,13.0,8.0],"rotation":0,"texture":"#2","tintindex":0},"up":{"uv":[12.0,6.5,11.0,5.5],"rotation":0,"texture":"#2","tintindex":0},"down":{"uv":[13.0,5.5,12.0,6.5],"rotation":0,"texture":"#2","tintindex":0}}},{"from":[10.285714,9.142858,10.285714],"to":[5.714286,3.4285712,5.714286],"rotation":{"angle":0.0,"axis":"y","origin":[9.142858,4.5714283,5.714286]},"faces":{"east":{"uv":[12.0,8.0,13.0,6.5],"rotation":0,"texture":"#2","tintindex":0},"south":{"uv":[11.0,8.0,12.0,6.5],"rotation":0,"texture":"#2","tintindex":0},"north":{"uv":[13.0,8.0,14.0,6.5],"rotation":0,"texture":"#2","tintindex":0},"west":{"uv":[10.0,8.0,11.0,6.5],"rotation":0,"texture":"#2","tintindex":0},"up":{"uv":[12.0,5.5,13.0,6.5],"rotation":0,"texture":"#2","tintindex":0},"down":{"uv":[11.0,6.5,12.0,5.5],"rotation":0,"texture":"#2","tintindex":0}}}],"textures":{"2":"modelengine:entity/creeper_armor_1"},"display":{"head":{"translation":[0.0,-6.4,0.0],"scale":[4.0,4.0,4.0]}}}