{"elements":[{"from":[5.714286,8.0,5.714286],"to":[10.285714,12.571428,10.285714],"rotation":{"angle":0.0,"axis":"y","origin":[8.0,-2.285715,8.0]},"faces":{"east":{"uv":[0.0,2.0,2.0,4.0],"rotation":0,"texture":"#0","tintindex":0},"south":{"uv":[6.0,2.0,8.0,4.0],"rotation":0,"texture":"#0","tintindex":0},"north":{"uv":[2.0,2.0,4.0,4.0],"rotation":0,"texture":"#0","tintindex":0},"west":{"uv":[4.0,2.0,6.0,4.0],"rotation":0,"texture":"#0","tintindex":0},"up":{"uv":[4.0,2.0,2.0,0.0],"rotation":0,"texture":"#0","tintindex":0},"down":{"uv":[6.0,0.0,4.0,2.0],"rotation":0,"texture":"#0","tintindex":0}}},{"from":[4.5714283,11.428572,4.5714283],"to":[11.428572,13.142858,11.428572],"rotation":{"angle":0.0,"axis":"y","origin":[8.0,8.0,8.0]},"faces":{"east":{"uv":[0.0,11.0,3.0,11.75],"rotation":0,"texture":"#0","tintindex":0},"south":{"uv":[9.0,11.0,12.0,11.75],"rotation":0,"texture":"#0","tintindex":0},"north":{"uv":[3.0,11.0,6.0,11.75],"rotation":0,"texture":"#0","tintindex":0},"west":{"uv":[6.0,11.0,9.0,11.75],"rotation":0,"texture":"#0","tintindex":0},"up":{"uv":[6.0,11.0,3.0,8.0],"rotation":0,"texture":"#0","tintindex":0},"down":{"uv":[9.0,8.0,6.0,11.0],"rotation":0,"texture":"#0","tintindex":0}}},{"from":[5.714286,13.142858,5.714286],"to":[10.285714,16.0,10.285714],"rotation":{"angle":0.0,"axis":"y","origin":[8.0,8.0,8.0]},"faces":{"east":{"uv":[0.0,13.75,2.0,15.0],"rotation":0,"texture":"#0","tintindex":0},"south":{"uv":[6.0,13.75,8.0,15.0],"rotation":0,"texture":"#0","tintindex":0},"north":{"uv":[2.0,13.75,4.0,15.0],"rotation":0,"texture":"#0","tintindex":0},"west":{"uv":[4.0,13.75,6.0,15.0],"rotation":0,"texture":"#0","tintindex":0},"up":{"uv":[4.0,13.75,2.0,11.75],"rotation":0,"texture":"#0","tintindex":0},"down":{"uv":[6.0,11.75,4.0,13.75],"rotation":0,"texture":"#0","tintindex":0}}},{"from":[3.4285712,13.714286,6.857143],"to":[5.714286,16.0,9.142858],"rotation":{"angle":0.0,"axis":"y","origin":[8.0,8.0,8.0]},"faces":{"east":{"uv":[9.0,13.5,10.0,14.5],"rotation":0,"texture":"#0","tintindex":0},"south":{"uv":[12.0,13.5,13.0,14.5],"rotation":0,"texture":"#0","tintindex":0},"north":{"uv":[10.0,13.5,11.0,14.5],"rotation":0,"texture":"#0","tintindex":0},"west":{"uv":[11.0,13.5,12.0,14.5],"rotation":0,"texture":"#0","tintindex":0},"up":{"uv":[11.0,13.5,10.0,12.5],"rotation":0,"texture":"#0","tintindex":0},"down":{"uv":[12.0,12.5,11.0,13.5],"rotation":0,"texture":"#0","tintindex":0}}},{"from":[3.4285712,13.142858,6.857143],"to":[4.5714283,13.714286,9.142858],"rotation":{"angle":0.0,"axis":"y","origin":[8.0,8.0,8.0]},"faces":{"east":{"uv":[9.0,10.75,10.0,11.0],"rotation":0,"texture":"#0","tintindex":0},"south":{"uv":[11.5,10.75,12.0,11.0],"rotation":0,"texture":"#0","tintindex":0},"north":{"uv":[10.0,10.75,10.5,11.0],"rotation":0,"texture":"#0","tintindex":0},"west":{"uv":[10.5,10.75,11.5,11.0],"rotation":0,"texture":"#0","tintindex":0},"up":{"uv":[10.5,10.75,10.0,9.75],"rotation":0,"texture":"#0","tintindex":0},"down":{"uv":[11.0,9.75,10.5,10.75],"rotation":0,"texture":"#0","tintindex":0}}},{"from":[2.8571424,10.857143,6.857143],"to":[5.142857,13.142858,9.142858],"rotation":{"angle":0.0,"axis":"y","origin":[8.0,8.0,8.0]},"faces":{"east":{"uv":[12.0,15.0,13.0,16.0],"rotation":0,"texture":"#0","tintindex":0},"south":{"uv":[15.0,15.0,16.0,16.0],"rotation":0,"texture":"#0","tintindex":0},"north":{"uv":[13.0,15.0,14.0,16.0],"rotation":0,"texture":"#0","tintindex":0},"west":{"uv":[14.0,15.0,15.0,16.0],"rotation":0,"texture":"#0","tintindex":0},"up":{"uv":[14.0,15.0,13.0,14.0],"rotation":0,"texture":"#0","tintindex":0},"down":{"uv":[15.0,14.0,14.0,15.0],"rotation":0,"texture":"#0","tintindex":0}}}],"textures":{"0":"modelengine:entity/plains_creeper_christmas"},"display":{"head":{"translation":[0.0,-6.4,0.0],"scale":[4.0,4.0,4.0]}}}