{"elements":[{"from":[6.0,6.857143,6.0],"to":[10.0,20.57143,10.0],"rotation":{"angle":0.0,"axis":"y","origin":[8.0,4.5714283,8.0]},"faces":{"east":{"uv":[4.5,4.25,5.25,9.25],"rotation":0,"texture":"#2","tintindex":0},"south":{"uv":[6.75,4.25,7.5,9.25],"rotation":0,"texture":"#2","tintindex":0},"north":{"uv":[5.25,4.25,6.0,9.25],"rotation":0,"texture":"#2","tintindex":0},"west":{"uv":[6.0,4.25,6.75,9.25],"rotation":0,"texture":"#2","tintindex":0},"up":{"uv":[6.0,4.25,5.25,3.5],"rotation":0,"texture":"#2","tintindex":0},"down":{"uv":[6.75,3.5,6.0,4.25],"rotation":0,"texture":"#2","tintindex":0}}},{"from":[10.0,20.57143,10.0],"to":[6.0,6.857143,6.0],"rotation":{"angle":0.0,"axis":"y","origin":[8.0,4.5714283,8.0]},"faces":{"east":{"uv":[6.0,9.25,6.75,4.25],"rotation":0,"texture":"#2","tintindex":0},"south":{"uv":[5.25,9.25,6.0,4.25],"rotation":0,"texture":"#2","tintindex":0},"north":{"uv":[6.75,9.25,7.5,4.25],"rotation":0,"texture":"#2","tintindex":0},"west":{"uv":[4.5,9.25,5.25,4.25],"rotation":0,"texture":"#2","tintindex":0},"up":{"uv":[6.0,3.5,6.75,4.25],"rotation":0,"texture":"#2","tintindex":0},"down":{"uv":[5.25,4.25,6.0,3.5],"rotation":0,"texture":"#2","tintindex":0}}}],"textures":{"2":"modelengine:entity/creeper_armor_1"},"display":{"head":{"translation":[0.0,-6.4,0.0],"scale":[4.0,4.0,4.0]}}}