{"elements":[{"from":[7.142857,8.0,7.142857],"to":[8.857143,19.428572,8.857143],"rotation":{"angle":0.0,"axis":"y","origin":[8.0,4.5714283,8.0]},"faces":{"east":{"uv":[4.5,4.25,5.25,9.25],"rotation":0,"texture":"#0","tintindex":0},"south":{"uv":[6.75,4.25,7.5,9.25],"rotation":0,"texture":"#0","tintindex":0},"north":{"uv":[5.25,4.25,6.0,9.25],"rotation":0,"texture":"#0","tintindex":0},"west":{"uv":[6.0,4.25,6.75,9.25],"rotation":0,"texture":"#0","tintindex":0},"up":{"uv":[6.0,4.25,5.25,3.5],"rotation":0,"texture":"#0","tintindex":0},"down":{"uv":[6.75,3.5,6.0,4.25],"rotation":0,"texture":"#0","tintindex":0}}},{"from":[5.428571,9.142858,8.0],"to":[10.571428,19.428572,8.0],"rotation":{"angle":0.0,"axis":"y","origin":[8.0,4.5714283,8.0]},"faces":{"east":{"uv":[0.0,3.5,0.0,8.0],"rotation":0,"texture":"#0","tintindex":0},"south":{"uv":[2.25,3.5,0.0,8.0],"rotation":0,"texture":"#0","tintindex":0},"north":{"uv":[0.0,3.5,2.25,8.0],"rotation":0,"texture":"#0","tintindex":0},"west":{"uv":[2.25,3.5,2.25,8.0],"rotation":0,"texture":"#0","tintindex":0},"up":{"uv":[2.25,3.5,0.0,3.5],"rotation":0,"texture":"#0","tintindex":0},"down":{"uv":[4.5,3.5,2.25,3.5],"rotation":0,"texture":"#0","tintindex":0}}}],"textures":{"0":"modelengine:entity/bamboo_creeper"},"display":{"head":{"translation":[0.0,-6.4,0.0],"scale":[4.0,4.0,4.0]}}}