{"elements":[{"from":[4.8571424,6.857143,4.8571424],"to":[11.142858,13.142858,11.142858],"rotation":{"angle":0.0,"axis":"y","origin":[8.0,-2.285715,8.0]},"faces":{"east":{"uv":[0.0,1.75,1.75,3.5],"rotation":0,"texture":"#2","tintindex":0},"south":{"uv":[5.25,1.75,7.0,3.5],"rotation":0,"texture":"#2","tintindex":0},"north":{"uv":[1.75,1.75,3.5,3.5],"rotation":0,"texture":"#2","tintindex":0},"west":{"uv":[3.5,1.75,5.25,3.5],"rotation":0,"texture":"#2","tintindex":0},"up":{"uv":[3.5,1.75,1.75,0.0],"rotation":0,"texture":"#2","tintindex":0},"down":{"uv":[5.25,0.0,3.5,1.75],"rotation":0,"texture":"#2","tintindex":0}}},{"from":[11.142858,13.142858,11.142858],"to":[4.8571424,6.857143,4.8571424],"rotation":{"angle":0.0,"axis":"y","origin":[8.0,-2.285715,8.0]},"faces":{"east":{"uv":[3.5,3.5,5.25,1.75],"rotation":0,"texture":"#2","tintindex":0},"south":{"uv":[1.75,3.5,3.5,1.75],"rotation":0,"texture":"#2","tintindex":0},"north":{"uv":[5.25,3.5,7.0,1.75],"rotation":0,"texture":"#2","tintindex":0},"west":{"uv":[0.0,3.5,1.75,1.75],"rotation":0,"texture":"#2","tintindex":0},"up":{"uv":[3.5,0.0,5.25,1.75],"rotation":0,"texture":"#2","tintindex":0},"down":{"uv":[1.75,1.75,3.5,0.0],"rotation":0,"texture":"#2","tintindex":0}}}],"textures":{"2":"modelengine:entity/creeper_armor_1"},"display":{"head":{"translation":[0.0,-6.4,0.0],"scale":[4.0,4.0,4.0]}}}