{"elements":[{"from":[6.0,8.0,6.0],"to":[10.0,12.0,10.0],"rotation":{"angle":0.0,"axis":"y","origin":[8.0,-2.285715,8.0]},"faces":{"east":{"uv":[0.0,1.75,1.75,3.5],"rotation":0,"texture":"#0","tintindex":0},"south":{"uv":[5.25,1.75,7.0,3.5],"rotation":0,"texture":"#0","tintindex":0},"north":{"uv":[1.75,1.75,3.5,3.5],"rotation":0,"texture":"#0","tintindex":0},"west":{"uv":[3.5,1.75,5.25,3.5],"rotation":0,"texture":"#0","tintindex":0},"up":{"uv":[3.5,1.75,1.75,0.0],"rotation":0,"texture":"#0","tintindex":0},"down":{"uv":[5.25,0.0,3.5,1.75],"rotation":0,"texture":"#0","tintindex":0}}},{"from":[4.285714,9.142858,8.0],"to":[11.714286,11.428572,8.0],"rotation":{"angle":0.0,"axis":"y","origin":[8.0,-2.285715,8.0]},"faces":{"east":{"uv":[5.25,0.0,5.25,1.0],"rotation":0,"texture":"#0","tintindex":0},"south":{"uv":[8.5,0.0,5.25,1.0],"rotation":0,"texture":"#0","tintindex":0},"north":{"uv":[5.25,0.0,8.5,1.0],"rotation":0,"texture":"#0","tintindex":0},"west":{"uv":[8.5,0.0,8.5,1.0],"rotation":0,"texture":"#0","tintindex":0},"up":{"uv":[8.5,0.0,5.25,0.0],"rotation":0,"texture":"#0","tintindex":0},"down":{"uv":[11.75,0.0,8.5,0.0],"rotation":0,"texture":"#0","tintindex":0}}}],"textures":{"0":"modelengine:entity/bamboo_creeper"},"display":{"head":{"translation":[0.0,-6.4,0.0],"scale":[4.0,4.0,4.0]}}}