{"elements":[{"from":[6.0,3.4285712,5.714286],"to":[10.0,9.142858,9.714286],"rotation":{"angle":0.0,"axis":"y","origin":[6.857143,4.5714283,5.714286]},"faces":{"east":{"uv":[7.5,8.5,8.25,10.0],"rotation":0,"texture":"#2","tintindex":0},"south":{"uv":[9.75,8.5,10.5,10.0],"rotation":0,"texture":"#2","tintindex":0},"north":{"uv":[8.25,8.5,9.0,10.0],"rotation":0,"texture":"#2","tintindex":0},"west":{"uv":[9.0,8.5,9.75,10.0],"rotation":0,"texture":"#2","tintindex":0},"up":{"uv":[9.0,8.5,8.25,7.75],"rotation":0,"texture":"#2","tintindex":0},"down":{"uv":[9.75,7.75,9.0,8.5],"rotation":0,"texture":"#2","tintindex":0}}},{"from":[10.0,9.142858,9.714286],"to":[6.0,3.4285712,5.714286],"rotation":{"angle":0.0,"axis":"y","origin":[6.857143,4.5714283,5.714286]},"faces":{"east":{"uv":[9.0,10.0,9.75,8.5],"rotation":0,"texture":"#2","tintindex":0},"south":{"uv":[8.25,10.0,9.0,8.5],"rotation":0,"texture":"#2","tintindex":0},"north":{"uv":[9.75,10.0,10.5,8.5],"rotation":0,"texture":"#2","tintindex":0},"west":{"uv":[7.5,10.0,8.25,8.5],"rotation":0,"texture":"#2","tintindex":0},"up":{"uv":[9.0,7.75,9.75,8.5],"rotation":0,"texture":"#2","tintindex":0},"down":{"uv":[8.25,8.5,9.0,7.75],"rotation":0,"texture":"#2","tintindex":0}}}],"textures":{"2":"modelengine:entity/creeper_armor_1"},"display":{"head":{"translation":[0.0,-6.4,0.0],"scale":[4.0,4.0,4.0]}}}