{"elements":[{"from":[6.0,3.4285712,5.714286],"to":[10.0,9.142858,9.714286],"rotation":{"angle":0.0,"axis":"y","origin":[9.142858,4.5714283,5.714286]},"faces":{"east":{"uv":[7.5,6.25,8.25,7.75],"rotation":0,"texture":"#2","tintindex":0},"south":{"uv":[9.75,6.25,10.5,7.75],"rotation":0,"texture":"#2","tintindex":0},"north":{"uv":[8.25,6.25,9.0,7.75],"rotation":0,"texture":"#2","tintindex":0},"west":{"uv":[9.0,6.25,9.75,7.75],"rotation":0,"texture":"#2","tintindex":0},"up":{"uv":[9.0,6.25,8.25,5.5],"rotation":0,"texture":"#2","tintindex":0},"down":{"uv":[9.75,5.5,9.0,6.25],"rotation":0,"texture":"#2","tintindex":0}}},{"from":[10.0,9.142858,9.714286],"to":[6.0,3.4285712,5.714286],"rotation":{"angle":0.0,"axis":"y","origin":[9.142858,4.5714283,5.714286]},"faces":{"east":{"uv":[9.0,7.75,9.75,6.25],"rotation":0,"texture":"#2","tintindex":0},"south":{"uv":[8.25,7.75,9.0,6.25],"rotation":0,"texture":"#2","tintindex":0},"north":{"uv":[9.75,7.75,10.5,6.25],"rotation":0,"texture":"#2","tintindex":0},"west":{"uv":[7.5,7.75,8.25,6.25],"rotation":0,"texture":"#2","tintindex":0},"up":{"uv":[9.0,5.5,9.75,6.25],"rotation":0,"texture":"#2","tintindex":0},"down":{"uv":[8.25,6.25,9.0,5.5],"rotation":0,"texture":"#2","tintindex":0}}}],"textures":{"2":"modelengine:entity/creeper_armor_1"},"display":{"head":{"translation":[0.0,-6.4,0.0],"scale":[4.0,4.0,4.0]}}}