{"elements":[{"from":[7.142857,4.5714283,7.428571],"to":[8.857143,8.0,9.142858],"rotation":{"angle":0.0,"axis":"y","origin":[6.857143,4.5714283,10.285714]},"faces":{"east":{"uv":[7.5,4.0,8.25,5.5],"rotation":0,"texture":"#0","tintindex":0},"south":{"uv":[9.75,4.0,10.5,5.5],"rotation":0,"texture":"#0","tintindex":0},"north":{"uv":[8.25,4.0,9.0,5.5],"rotation":0,"texture":"#0","tintindex":0},"west":{"uv":[9.0,4.0,9.75,5.5],"rotation":0,"texture":"#0","tintindex":0},"up":{"uv":[9.0,4.0,8.25,3.25],"rotation":0,"texture":"#0","tintindex":0},"down":{"uv":[9.75,3.25,9.0,4.0],"rotation":0,"texture":"#0","tintindex":0}}}],"textures":{"0":"modelengine:entity/bamboo_creeper"},"display":{"head":{"translation":[0.0,-6.4,0.0],"scale":[4.0,4.0,4.0]}}}