{"elements":[{"from":[7.142857,4.5714283,7.428571],"to":[8.857143,8.0,9.142858],"rotation":{"angle":0.0,"axis":"y","origin":[9.142858,4.5714283,10.285714]},"faces":{"east":{"uv":[7.0,1.75,7.75,3.25],"rotation":0,"texture":"#0","tintindex":0},"south":{"uv":[9.25,1.75,10.0,3.25],"rotation":0,"texture":"#0","tintindex":0},"north":{"uv":[7.75,1.75,8.5,3.25],"rotation":0,"texture":"#0","tintindex":0},"west":{"uv":[8.5,1.75,9.25,3.25],"rotation":0,"texture":"#0","tintindex":0},"up":{"uv":[8.5,1.75,7.75,1.0],"rotation":0,"texture":"#0","tintindex":0},"down":{"uv":[9.25,1.0,8.5,1.75],"rotation":0,"texture":"#0","tintindex":0}}}],"textures":{"0":"modelengine:entity/bamboo_creeper"},"display":{"head":{"translation":[0.0,-6.4,0.0],"scale":[4.0,4.0,4.0]}}}