{"elements":[{"from":[6.0,3.4285712,6.285714],"to":[10.0,9.142858,10.285714],"rotation":{"angle":0.0,"axis":"y","origin":[9.142858,4.5714283,10.285714]},"faces":{"east":{"uv":[7.0,1.75,7.75,3.25],"rotation":0,"texture":"#2","tintindex":0},"south":{"uv":[9.25,1.75,10.0,3.25],"rotation":0,"texture":"#2","tintindex":0},"north":{"uv":[7.75,1.75,8.5,3.25],"rotation":0,"texture":"#2","tintindex":0},"west":{"uv":[8.5,1.75,9.25,3.25],"rotation":0,"texture":"#2","tintindex":0},"up":{"uv":[8.5,1.75,7.75,1.0],"rotation":0,"texture":"#2","tintindex":0},"down":{"uv":[9.25,1.0,8.5,1.75],"rotation":0,"texture":"#2","tintindex":0}}},{"from":[10.0,9.142858,10.285714],"to":[6.0,3.4285712,6.285714],"rotation":{"angle":0.0,"axis":"y","origin":[9.142858,4.5714283,10.285714]},"faces":{"east":{"uv":[8.5,3.25,9.25,1.75],"rotation":0,"texture":"#2","tintindex":0},"south":{"uv":[7.75,3.25,8.5,1.75],"rotation":0,"texture":"#2","tintindex":0},"north":{"uv":[9.25,3.25,10.0,1.75],"rotation":0,"texture":"#2","tintindex":0},"west":{"uv":[7.0,3.25,7.75,1.75],"rotation":0,"texture":"#2","tintindex":0},"up":{"uv":[8.5,1.0,9.25,1.75],"rotation":0,"texture":"#2","tintindex":0},"down":{"uv":[7.75,1.75,8.5,1.0],"rotation":0,"texture":"#2","tintindex":0}}}],"textures":{"2":"modelengine:entity/creeper_armor_1"},"display":{"head":{"translation":[0.0,-6.4,0.0],"scale":[4.0,4.0,4.0]}}}